-- phpMyAdmin SQL Dump
-- version 4.8.3
-- https://www.phpmyadmin.net/
--
-- Host: localhost:3306
-- Generation Time: May 22, 2019 at 02:39 AM
-- Server version: 10.3.15-MariaDB
-- PHP Version: 7.2.7

SET SQL_MODE = "NO_AUTO_VALUE_ON_ZERO";
SET AUTOCOMMIT = 0;
START TRANSACTION;
SET time_zone = "+00:00";


/*!40101 SET @OLD_CHARACTER_SET_CLIENT=@@CHARACTER_SET_CLIENT */;
/*!40101 SET @OLD_CHARACTER_SET_RESULTS=@@CHARACTER_SET_RESULTS */;
/*!40101 SET @OLD_COLLATION_CONNECTION=@@COLLATION_CONNECTION */;
/*!40101 SET NAMES utf8mb4 */;

--
-- Database: `prosperitypathco_db`
--

-- --------------------------------------------------------

--
-- Table structure for table `allocations`
--

INSERT INTO `members` (`member_no`, `title`, `firstname`, `middlename`, `lastname`, `gender`, `id_no`, `passport_no`, `email`, `mobile`, `username`, `password`, `country`, `active`, `timestamp`) VALUES
(1000, 'Admin', 'Taxi', NULL, 'Cab', NULL, NULL, NULL, 'info@prosperitypath.co.za', '0800000000', 'administrator', 'admin1000', 'South Africa', 'Yes', '2019-05-06 04:30:40'),
(1001, '', 'Dummy', '', 'Dummy', '', '', '', 'dummy@prosperityphath.co.za', '0800111111', 'dummy', 'admin1000', 'South Africa', 'Yes', '2019-05-21 10:33:20'),
(1002, '', 'musa', '', 'dludla', '', '', '', 'musa.dludla29@gmail.com', '+27745293746', 'jesus123', 'jesus123', 'South Africa', 'Yes', '2019-05-21 10:57:48'),
(1003, '', 'Elisha', '', 'Thabethe', '', '', '', 'elisha@epeyo.com', '+27815325370', 'ethabs', '1010', 'SA', 'Yes', '2019-05-21 10:57:50'),
(1004, '', 'Julius', '', 'Malema', '', '', '', 'malema@eff.org.za', '+27676080233', 'malema', '1010', 'SA', 'Yes', '2019-05-21 11:05:25'),
(1005, '', 'Simphiwe', '', 'Jali', '', '', '', 'sjali@gmail.com', '+27800123456', 'simphiwe', '1010', 'SA', 'Yes', '2019-05-21 11:05:30'),
(1006, '', 'Jacob', '', 'Zuma', '', '', '', 'jzuma@gmail.com', '+27821281234', 'jzuma', '1010', 'SA', 'Yes', '2019-05-21 11:19:53'),
(1007, '', 'Thabo', '', 'Mbeki', '', '', '', 'mbeki@anc.co.za', '+27761231234', 'nmbeki', '1010', 'SA', 'Yes', '2019-05-21 11:19:45'),
(1008, '', 'Floyd', '', 'Shivambu', '', '', '', 'floyd@eff.org.za', '+27817272717', 'floyd', '1010', 'South Africa', 'Yes', '2019-05-21 11:22:54'),
(1009, '', 'Helen', '', 'Zille', '', '', '', 'helen@da.org.za', '+27812732737', 'zille', '1010', 'South Africa', 'Yes', '2019-05-21 11:22:59'),
(1010, '', 'Gatsha', '', 'Buthelezi', '', '', '', 'gatsha@ifp.co.za', '+27817727272', 'gatsha', '1010', 'SA', 'No', '2019-05-21 11:25:31'),
(1011, '', 'Zanele', '', 'Magwaza', '', '', '', 'zm@nfp.co.za', '+27812343456', 'zmagwaza', '1010', 'SA', 'No', '2019-05-21 11:26:16'),
(1012, '', 'Duduzane', '', 'Zuma', '', '', '', 'duduzane@zuma.co.za', '+27831231234', 'dzuma', '1010', 'SA', 'No', '2019-05-21 11:28:04'),
(1013, '', 'Khulubuse', '', 'Zuma', '', '', '', 'khulubuse@anc.co.za', '+27711231234', 'khulubuse', '1010', 'SA', 'No', '2019-05-21 11:29:00'),
(1014, '', 'Cyril', '', 'Rama', '', '', '', 'cytil@anc.org.za', '+27820820811', 'cyril', '1010', 'SA', 'No', '2019-05-21 11:30:28'),
(1015, '', 'Bheki', '', 'Cele', '', '', '', 'bheki@anc.org.za', '+27812536273', 'bhekic', '1010', 'SA', 'No', '2019-05-21 11:32:33'),
(1016, '', 'Nelson', '', 'Mandela', '', '', '', 'nelson@m.m', '+27815325349', 'nelson', '1010', 'SA', 'No', '2019-05-21 11:41:08'),
(1017, '', 'Chris', '', 'Hani', '', '', '', 'cris@m.m', '+27815325349', 'crish', '1010', 'SA', 'No', '2019-05-21 11:42:31');

INSERT INTO `allocations` (`trans_id`, `payer`, `receiver`, `amount`, `description`, `trans_date`, `status`, `pop`, `timestamp`) VALUES
(1, 1002, 1001, 500.00, 'Reg Fee', '2019-05-21 12:48:48', 'Paid', '', '2019-05-21 10:57:48'),
(2, 1003, 1001, 500.00, 'Reg Fee', '2019-05-21 12:56:43', 'Paid', '', '2019-05-21 10:57:50'),
(3, 1004, 1002, 500.00, 'Reg Fee', '2019-05-21 13:03:33', 'Paid', '', '2019-05-21 11:05:25'),
(4, 1005, 1002, 500.00, 'Reg Fee', '2019-05-21 13:04:56', 'Paid', '', '2019-05-21 11:05:30'),
(5, 1002, 1000, 500.00, 'Stage 2', '2019-05-21 13:06:20', 'Pending', '', '2019-05-21 11:06:20'),
(6, 1006, 1003, 500.00, 'Reg Fee', '2019-05-21 13:18:32', 'Paid', '', '2019-05-21 11:19:53'),
(7, 1007, 1003, 500.00, 'Reg Fee', '2019-05-21 13:19:28', 'Paid', '', '2019-05-21 11:19:45'),
(8, 1008, 1004, 500.00, 'Reg Fee', '2019-05-21 13:21:24', 'Paid', '', '2019-05-21 11:22:54'),
(9, 1009, 1004, 500.00, 'Reg Fee', '2019-05-21 13:22:09', 'Paid', '', '2019-05-21 11:22:59'),
(10, 1010, 1002, 500.00, 'Reg Fee', '2019-05-21 13:25:31', 'Pending', '', '2019-05-21 11:25:31'),
(11, 1011, 1002, 500.00, 'Reg Fee', '2019-05-21 13:26:16', 'Pending', '', '2019-05-21 11:26:16'),
(12, 1012, 1003, 500.00, 'Reg Fee', '2019-05-21 13:28:04', 'Pending', '', '2019-05-21 11:28:04'),
(13, 1013, 1003, 500.00, 'Reg Fee', '2019-05-21 13:29:00', 'Pending', '', '2019-05-21 11:29:00'),
(14, 1014, 1007, 500.00, 'Reg Fee', '2019-05-21 13:30:28', 'Pending', '', '2019-05-21 11:30:28'),
(15, 1015, 1003, 500.00, 'Reg Fee', '2019-05-21 13:32:33', 'Pending', '', '2019-05-21 11:32:33');


INSERT INTO `banking` (`member_no`, `accholder`, `bank`, `accnumber`, `timestamp`) VALUES
(1001, 'Dummy', 'Dummy', '1010101010', '2019-05-21 10:33:20'),
(1002, 'musa', 'NEDBANK', '1234567890', '2019-05-21 10:48:48'),
(1003, 'Elisha Thabethe', 'CAPITEC', '1234567890', '2019-05-21 10:56:43'),
(1004, 'MALEMA', 'ABSA', '1324354657', '2019-05-21 11:03:33'),
(1005, 'S JALI', 'NEDBANK', '12321312312', '2019-05-21 11:04:56'),
(1006, 'j Zuma', 'CAPITEC', '182828282', '2019-05-21 11:18:32'),
(1007, 'Thabo M', 'NEDBANK', '129393993', '2019-05-21 11:19:28'),
(1008, 'Floyd S', 'ABSA', '912020233', '2019-05-21 11:21:24'),
(1009, 'Helen', 'NEDBANK', '10202020', '2019-05-21 11:22:09'),
(1010, 'G Buthelezi', 'ITHALA', '192029393', '2019-05-21 11:25:31'),
(1011, 'Z M', 'CAPITEC', '192929292', '2019-05-21 11:26:16'),
(1012, 'D Zuma', 'ABSA', '9012029394', '2019-05-21 11:28:04'),
(1013, 'k Zuma', 'FNB', '6127381234', '2019-05-21 11:29:00'),
(1014, 'Cyril', 'STD BANK', '12345555', '2019-05-21 11:30:28'),
(1015, 'Bheki C', 'ABSA', '9102929292', '2019-05-21 11:32:33'),
(1016, 'Nelson', 'ABSA', '121212121', '2019-05-21 11:41:08'),
(1017, 'Nelson', 'ABSA', '121212121', '2019-05-21 11:42:31');


INSERT INTO `incentives` (`trans_id`, `member_no`, `stage`, `status`, `timestamp`) VALUES
(1, 1001, 1, 'Created', '2019-05-21 10:56:43'),
(2, 1002, 1, 'Claimed', '2019-05-21 11:06:20'),
(3, 1003, 1, 'Created', '2019-05-21 11:19:28'),
(4, 1001, 2, 'Created', '2019-05-21 11:19:28'),
(5, 1004, 1, 'Created', '2019-05-21 11:22:09'),
(6, 1005, 1, 'Created', '2019-05-21 11:26:16'),
(7, 1002, 2, 'Created', '2019-05-21 11:26:16'),
(8, 1006, 1, 'Created', '2019-05-21 11:29:00'),
(9, 1007, 1, 'Created', '2019-05-21 11:32:33'),
(10, 1003, 2, 'Created', '2019-05-21 11:32:33'),
(11, 1001, 3, 'Created', '2019-05-21 11:32:33');


-- --------------------------------------------------------

--
-- Table structure for table `regions`
--


INSERT INTO `tree` (`member_no`, `sponsor`, `dl1`, `dl2`, `stage`, `timestamp`) VALUES
(1001, 1000, 1002, 1003, 3, '2019-05-21 11:32:33'),
(1002, 1001, 1004, 1005, 2, '2019-05-21 11:26:16'),
(1003, 1001, 1006, 1007, 2, '2019-05-21 11:32:33'),
(1004, 1002, 1008, 1009, 1, '2019-05-21 11:22:09'),
(1005, 1002, 1010, 1011, 1, '2019-05-21 11:26:16'),
(1006, 1003, 1012, 1013, 1, '2019-05-21 11:29:00'),
(1007, 1003, 1014, 1015, 1, '2019-05-21 11:32:33'),
(1008, 1004, 0, 0, 0, '2019-05-21 11:21:24'),
(1009, 1004, 0, 0, 0, '2019-05-21 11:22:09'),
(1010, 1002, 0, 0, 0, '2019-05-21 11:25:31'),
(1011, 1002, 0, 0, 0, '2019-05-21 11:26:16'),
(1012, 1003, 0, 0, 0, '2019-05-21 11:28:04'),
(1013, 1003, 0, 0, 0, '2019-05-21 11:29:00'),
(1014, 1007, 0, 0, 0, '2019-05-21 11:30:28'),
(1015, 1003, 0, 0, 0, '2019-05-21 11:32:33');

--
-- Indexes for dumped tables
--

--
-- Indexes for table `allocations`
--
